,acteurs,director,href,jaartal,rank,rating,samenvatting,titel
0,"['Tim Robbins', 'Morgan Freeman', 'Bob Gunton']",Frank Darabont,https://www.imdb.com//title/tt0111161/,1994,1,9.2,"Two imprisoned men bond over a number of years, finding solace and eventual redemption through acts of common decency.",The Shawshank Redemption
1,"['Marlon Brando', 'Al Pacino', 'James Caan']",Francis Ford Coppola,https://www.imdb.com//title/tt0068646/,1972,2,9.2,The aging patriarch of an organized crime dynasty transfers control of his clandestine empire to his reluctant son.,The Godfather
2,"['Al Pacino', 'Robert De Niro', 'Robert Duvall']",Francis Ford Coppola,https://www.imdb.com//title/tt0071562/,1974,3,9.0,"The early life and career of Vito Corleone in 1920s New York City is portrayed, while his son, Michael, expands and tightens his grip on the family crime syndicate.",The Godfather: Part II
3,"['Christian Bale', 'Heath Ledger', 'Aaron Eckhart']",Christopher Nolan,https://www.imdb.com//title/tt0468569/,2008,4,9.0,"When the menace known as The Joker emerges from his mysterious past, he wreaks havoc and chaos on the people of Gotham. The Dark Knight must accept one of the greatest psychological and physical tests of his ability to fight injustice.",The Dark Knight
4,"['Henry Fonda', 'Lee J. Cobb', 'Martin Balsam']",Sidney Lumet,https://www.imdb.com//title/tt0050083/,1957,5,8.9,A jury holdout attempts to prevent a miscarriage of justice by forcing his colleagues to reconsider the evidence.,12 Angry Men
5,"['Liam Neeson', 'Ralph Fiennes', 'Ben Kingsley']",Steven Spielberg,https://www.imdb.com//title/tt0108052/,1993,6,8.9,"In German-occupied Poland during World War II, industrialist Oskar Schindler gradually becomes concerned for his Jewish workforce after witnessing their persecution by the Nazis.",Schindler's List
6,"['Elijah Wood', 'Viggo Mortensen', 'Ian McKellen']",Peter Jackson,https://www.imdb.com//title/tt0167260/,2003,7,8.9,Gandalf and Aragorn lead the World of Men against Sauron's army to draw his gaze from Frodo and Sam as they approach Mount Doom with the One Ring.,The Lord of the Rings: The Return of the King
7,"['John Travolta', 'Uma Thurman', 'Samuel L. Jackson']",Quentin Tarantino,https://www.imdb.com//title/tt0110912/,1994,8,8.9,"The lives of two mob hitmen, a boxer, a gangster's wife, and a pair of diner bandits intertwine in four tales of violence and redemption.",Pulp Fiction
8,"['Robert Downey Jr.', 'Chris Evans', 'Mark Ruffalo']","Directors:
Anthony Russo, Joe Russo",https://www.imdb.com//title/tt4154796/,2019,9,8.8,"After the devastating events of Avengers: Infinity War (2018), the universe is in ruins. With the help of remaining allies, the Avengers assemble once more in order to undo Thanos' actions and restore order to the universe.",Avengers: Endgame
9,"['Clint Eastwood', 'Eli Wallach', 'Lee Van Cleef']",Sergio Leone,https://www.imdb.com//title/tt0060196/,1966,10,8.8,A bounty hunting scam joins two men in an uneasy alliance against a third in a race to find a fortune in gold buried in a remote cemetery.,"Il buono, il brutto, il cattivo"
10,"['Brad Pitt', 'Edward Norton', 'Meat Loaf']",David Fincher,https://www.imdb.com//title/tt0137523/,1999,11,8.8,"An insomniac office worker and a devil-may-care soapmaker form an underground fight club that evolves into something much, much more.",Fight Club
11,"['Elijah Wood', 'Ian McKellen', 'Orlando Bloom']",Peter Jackson,https://www.imdb.com//title/tt0120737/,2001,12,8.8,A meek Hobbit from the Shire and eight companions set out on a journey to destroy the powerful One Ring and save Middle-earth from the Dark Lord Sauron.,The Lord of the Rings: The Fellowship of the Ring
12,"['Tom Hanks', 'Robin Wright', 'Gary Sinise']",Robert Zemeckis,https://www.imdb.com//title/tt0109830/,1994,13,8.7,"The presidencies of Kennedy and Johnson, the events of Vietnam, Watergate, and other history unfold through the perspective of an Alabama man with an IQ of 75.",Forrest Gump
13,"['Mark Hamill', 'Harrison Ford', 'Carrie Fisher']",Irvin Kershner,https://www.imdb.com//title/tt0080684/,1980,14,8.7,"After the Rebels are brutally overpowered by the Empire on the ice planet Hoth, Luke Skywalker begins Jedi training with Yoda, while his friends are pursued by Darth Vader.",Star Wars: Episode V - The Empire Strikes Back
14,"['Leonardo DiCaprio', 'Joseph Gordon-Levitt', 'Ellen Page']",Christopher Nolan,https://www.imdb.com//title/tt1375666/,2010,15,8.7,A thief who steals corporate secrets through the use of dream-sharing technology is given the inverse task of planting an idea into the mind of a C.E.O.,Inception
15,"['Elijah Wood', 'Ian McKellen', 'Viggo Mortensen']",Peter Jackson,https://www.imdb.com//title/tt0167261/,2002,16,8.7,"While Frodo and Sam edge closer to Mordor with the help of the shifty Gollum, the divided fellowship makes a stand against Sauron's new ally, Saruman, and his hordes of Isengard.",The Lord of the Rings: The Two Towers
16,"['Jack Nicholson', 'Louise Fletcher', 'Will Sampson']",Milos Forman,https://www.imdb.com//title/tt0073486/,1975,17,8.7,A criminal pleads insanity after getting into trouble again and once in the mental institution rebels against the oppressive nurse and rallies up the scared patients.,One Flew Over the Cuckoo's Nest
17,"['Robert De Niro', 'Ray Liotta', 'Joe Pesci']",Martin Scorsese,https://www.imdb.com//title/tt0099685/,1990,18,8.7,"The story of Henry Hill and his life in the mob, covering his relationship with his wife Karen Hill and his mob partners Jimmy Conway and Tommy DeVito in the Italian-American crime syndicate.",Goodfellas
18,"['Keanu Reeves', 'Laurence Fishburne', 'Carrie-Anne Moss']","Directors:
Lana Wachowski (as The Wachowski Brothers), Lilly Wachowski (as The Wachowski Brothers)",https://www.imdb.com//title/tt0133093/,1999,19,8.6,A computer hacker learns from mysterious rebels about the true nature of his reality and his role in the war against its controllers.,The Matrix
19,"['Toshirô Mifune', 'Takashi Shimura', 'Keiko Tsushima']",Akira Kurosawa,https://www.imdb.com//title/tt0047478/,1954,20,8.6,A poor village under attack by bandits recruits seven unemployed samurai to help them defend themselves.,Shichinin no samurai
20,"['Morgan Freeman', 'Brad Pitt', 'Kevin Spacey']",David Fincher,https://www.imdb.com//title/tt0114369/,1995,21,8.6,"Two detectives, a rookie and a veteran, hunt a serial killer who uses the seven deadly sins as his motives.",Seven
21,"['Alexandre Rodrigues', 'Leandro Firmino', 'Matheus Nachtergaele']","Directors:
Fernando Meirelles, Kátia Lund (co-director)",https://www.imdb.com//title/tt0317248/,2002,22,8.6,"In the slums of Rio, two kids' paths diverge as one struggles to become a photographer and the other a kingpin.",Cidade de Deus
22,"['Mark Hamill', 'Harrison Ford', 'Carrie Fisher']",George Lucas,https://www.imdb.com//title/tt0076759/,1977,23,8.6,"Luke Skywalker joins forces with a Jedi Knight, a cocky pilot, a Wookiee and two droids to save the galaxy from the Empire's world-destroying battle station, while also attempting to rescue Princess Leia from the mysterious Darth Vader.",Star Wars: Episode IV - A New Hope
23,"['Jodie Foster', 'Anthony Hopkins', 'Lawrence A. Bonney']",Jonathan Demme,https://www.imdb.com//title/tt0102926/,1991,24,8.6,"A young F.B.I. cadet (Jodie Foster) must receive the help of an incarcerated and manipulative cannibal killer (Sir Anthony Hopkins) to help catch another serial killer (Ted Levine), a madman who skins his victims.",The Silence of the Lambs
24,"['James Stewart', 'Donna Reed', 'Lionel Barrymore']",Frank Capra,https://www.imdb.com//title/tt0038650/,1946,25,8.6,An angel is sent from Heaven to help a desperately frustrated businessman by showing him what life would have been like if he had never existed.,It's a Wonderful Life
25,"['Roberto Benigni', 'Nicoletta Braschi', 'Giorgio Cantarini']",Roberto Benigni,https://www.imdb.com//title/tt0118799/,1997,26,8.6,"When an open-minded Jewish librarian and his son become victims of the Holocaust, he uses a perfect mixture of will, humor, and imagination to protect his son from the dangers around their camp.",La vita è bella
26,"['Daveigh Chase', 'Suzanne Pleshette', 'Miyu Irino']","Directors:
Hayao Miyazaki, Kirk Wise",https://www.imdb.com//title/tt0245429/,2001,27,8.5,"During her family's move to the suburbs, a sullen 10-year-old girl wanders into a world ruled by gods, witches, and spirits, and where humans are changed into beasts.",De reis van Chihiro
27,"['Tom Hanks', 'Matt Damon', 'Tom Sizemore']",Steven Spielberg,https://www.imdb.com//title/tt0120815/,1998,28,8.5,"Following the Normandy Landings, a group of U.S. soldiers go behind enemy lines to retrieve a paratrooper whose brothers have been killed in action.",Saving Private Ryan
28,"['Kevin Spacey', 'Gabriel Byrne', 'Chazz Palminteri']",Bryan Singer,https://www.imdb.com//title/tt0114814/,1995,29,8.5,"A sole survivor tells of the twisty events leading up to a horrific gun battle on a boat, which began when five criminals met at a seemingly random police lineup.",The Usual Suspects
29,"['Jean Reno', 'Gary Oldman', 'Natalie Portman']",Luc Besson,https://www.imdb.com//title/tt0110413/,1994,30,8.5,"Mathilda, a 12-year-old girl, is reluctantly taken in by Léon, a professional assassin, after her family is murdered. Léon and Mathilda form an unusual relationship, as she becomes his protégée and learns the assassin's trade.",Léon
30,"['Tom Hanks', 'Michael Clarke Duncan', 'David Morse']",Frank Darabont,https://www.imdb.com//title/tt0120689/,1999,31,8.5,"The lives of guards on Death Row are affected by one of their charges: a black man accused of child murder and rape, yet who has a mysterious gift.",The Green Mile
31,"['Matthew McConaughey', 'Anne Hathaway', 'Jessica Chastain']",Christopher Nolan,https://www.imdb.com//title/tt0816692/,2014,32,8.5,A team of explorers travel through a wormhole in space in an attempt to ensure humanity's survival.,Interstellar
32,"['Anthony Perkins', 'Janet Leigh', 'Vera Miles']",Alfred Hitchcock,https://www.imdb.com//title/tt0054215/,1960,33,8.5,"A Phoenix secretary embezzles forty thousand dollars from her employer's client, goes on the run, and checks into a remote motel run by a young man under the domination of his mother.",Psycho
33,"['Edward Norton', 'Edward Furlong', ""Beverly D'Angelo""]",Tony Kaye,https://www.imdb.com//title/tt0120586/,1998,34,8.5,A former neo-nazi skinhead tries to prevent his younger brother from going down the same wrong path that he did.,American History X
34,"['Charles Chaplin', 'Virginia Cherrill', 'Florence Lee']",Charles Chaplin,https://www.imdb.com//title/tt0021749/,1931,35,8.5,"With the aid of a wealthy erratic tippler, a dewy-eyed tramp who has fallen in love with a sightless flower girl accumulates money to be able to help her medically.",City Lights
35,"['Humphrey Bogart', 'Ingrid Bergman', 'Paul Henreid']",Michael Curtiz,https://www.imdb.com//title/tt0034583/,1942,36,8.5,A cynical American expatriate struggles to decide whether or not he should help his former lover and her fugitive husband escape French Morocco.,Casablanca
36,"['Henry Fonda', 'Charles Bronson', 'Claudia Cardinale']",Sergio Leone,https://www.imdb.com//title/tt0064116/,1968,37,8.5,A mysterious stranger with a harmonica joins forces with a notorious desperado to protect a beautiful widow from a ruthless assassin working for the railroad.,Once Upon a Time in the West
37,"['Adrien Brody', 'Thomas Kretschmann', 'Frank Finlay']",Roman Polanski,https://www.imdb.com//title/tt0253474/,2002,38,8.5,A Polish Jewish musician struggles to survive the destruction of the Warsaw ghetto of World War II.,The Pianist
38,"['Charles Chaplin', 'Paulette Goddard', 'Henry Bergman']",Charles Chaplin (as Charlie Chaplin),https://www.imdb.com//title/tt0027977/,1936,39,8.5,The Tramp struggles to live in modern industrial society with the help of a young homeless woman.,Modern Times
39,"['François Cluzet', 'Omar Sy', 'Anne Le Ny']","Directors:
Olivier Nakache, Éric Toledano",https://www.imdb.com//title/tt1675434/,2011,40,8.5,"After he becomes a quadriplegic from a paragliding accident, an aristocrat hires a young man from the projects to be his caregiver.",The Intouchables
40,"['Leonardo DiCaprio', 'Matt Damon', 'Jack Nicholson']",Martin Scorsese,https://www.imdb.com//title/tt0407887/,2006,41,8.5,An undercover cop and a mole in the police attempt to identify each other while infiltrating an Irish gang in South Boston.,The Departed
41,"['Michael J. Fox', 'Christopher Lloyd', 'Lea Thompson']",Robert Zemeckis,https://www.imdb.com//title/tt0088763/,1985,42,8.5,"Marty McFly, a 17-year-old high school student, is accidentally sent thirty years into the past in a time-traveling DeLorean invented by his close friend, the maverick scientist Doc Brown.",Back to the Future
42,"['Arnold Schwarzenegger', 'Linda Hamilton', 'Edward Furlong']",James Cameron,https://www.imdb.com//title/tt0103064/,1991,43,8.5,"A cyborg, identical to the one who failed to kill Sarah Connor, must now protect her teenage son, John Connor, from a more advanced and powerful cyborg.",Terminator 2: Judgment Day
43,"['Miles Teller', 'J.K. Simmons', 'Melissa Benoist']",Damien Chazelle,https://www.imdb.com//title/tt2582802/,2014,44,8.5,A promising young drummer enrolls at a cut-throat music conservatory where his dreams of greatness are mentored by an instructor who will stop at nothing to realize a student's potential.,Whiplash
44,"['Matthew Broderick', 'Jeremy Irons', 'James Earl Jones']","Directors:
Roger Allers, Rob Minkoff",https://www.imdb.com//title/tt0110357/,1994,45,8.5,"A Lion cub crown prince is tricked by a treacherous uncle into thinking he caused his father's death and flees into exile in despair, only to learn in adulthood his identity and his responsibilities.",The Lion King
45,"['James Stewart', 'Grace Kelly', 'Wendell Corey']",Alfred Hitchcock,https://www.imdb.com//title/tt0047396/,1954,46,8.5,A wheelchair-bound photographer spies on his neighbors from his apartment window and becomes convinced one of them has committed murder.,Rear Window
46,"['Harrison Ford', 'Karen Allen', 'Paul Freeman']",Steven Spielberg,https://www.imdb.com//title/tt0082971/,1981,47,8.5,"In 1936, archaeologist and adventurer Indiana Jones is hired by the U.S. government to find the Ark of the Covenant before Adolf Hitler's Nazis can obtain its awesome powers.",Indiana Jones and the Raiders of the Lost Ark
47,"['Russell Crowe', 'Joaquin Phoenix', 'Connie Nielsen']",Ridley Scott,https://www.imdb.com//title/tt0172495/,2000,48,8.5,A former Roman General sets out to exact vengeance against the corrupt emperor who murdered his family and sent him into slavery.,Gladiator
48,"['Christian Bale', 'Hugh Jackman', 'Scarlett Johansson']",Christopher Nolan,https://www.imdb.com//title/tt0482571/,2006,49,8.5,"After a tragic accident, two stage magicians engage in a battle to create the ultimate illusion while sacrificing everything they have to outwit each other.",The Prestige
49,"['Martin Sheen', 'Marlon Brando', 'Robert Duvall']",Francis Ford Coppola (as Francis Coppola),https://www.imdb.com//title/tt0078788/,1979,50,8.4,A U.S. Army officer serving in Vietnam is tasked with assassinating a renegade Special Forces Colonel who sees himself as a god.,Apocalypse Now
50,"['Guy Pearce', 'Carrie-Anne Moss', 'Joe Pantoliano']",Christopher Nolan,https://www.imdb.com//title/tt0209144/,2000,51,8.4,A man with short-term memory loss attempts to track down his wife's murderer.,Memento
51,"['Sigourney Weaver', 'Tom Skerritt', 'John Hurt']",Ridley Scott,https://www.imdb.com//title/tt0078748/,1979,52,8.4,"After a space merchant vessel perceives an unknown transmission as a distress call, its landing on the source moon finds one of the crew attacked by a mysterious lifeform, and they soon realize that its life cycle has merely begun.",Alien
52,"['Shameik Moore', 'Jake Johnson', 'Hailee Steinfeld']","Directors:
Bob Persichetti, Peter Ramsey |
1 more credit »",https://www.imdb.com//title/tt4633694/,2018,53,8.4,"Teen Miles Morales becomes Spider-Man of his reality, crossing his path with five counterparts from other dimensions to stop a threat for all realities.",Spider-Man: Into the Spider-Verse
53,"['Tsutomu Tatsumi', 'Ayano Shiraishi', 'Akemi Yamaguchi']",Isao Takahata,https://www.imdb.com//title/tt0095327/,1988,54,8.4,A young boy and his little sister struggle to survive in Japan during World War II.,Hotaru no haka
54,"['Philippe Noiret', 'Enzo Cannavale', 'Antonella Attili']",Giuseppe Tornatore,https://www.imdb.com//title/tt0095765/,1988,55,8.4,A filmmaker recalls his childhood when falling in love with the pictures at the cinema of his home village and forms a deep friendship with the cinema's projectionist.,Nuovo Cinema Paradiso
55,"['Charles Chaplin', 'Paulette Goddard', 'Jack Oakie']",Charles Chaplin,https://www.imdb.com//title/tt0032553/,1940,56,8.4,Dictator Adenoid Hynkel tries to expand his empire while a poor Jewish barber tries to avoid persecution from Hynkel's regime.,De dictator
56,"['William Holden', 'Gloria Swanson', 'Erich von Stroheim']",Billy Wilder,https://www.imdb.com//title/tt0043014/,1950,57,8.4,A screenwriter develops a dangerous relationship with a faded film star determined to make a triumphant return.,Sunset Blvd.
57,"['Ulrich Mühe', 'Martina Gedeck', 'Sebastian Koch']",Florian Henckel von Donnersmarck,https://www.imdb.com//title/tt0405094/,2006,58,8.4,"In 1984 East Berlin, an agent of the secret police, conducting surveillance on a writer and his lover, finds himself becoming increasingly absorbed by their lives.",Das Leben der Anderen
58,"['Peter Sellers', 'George C. Scott', 'Sterling Hayden']",Stanley Kubrick,https://www.imdb.com//title/tt0057012/,1964,59,8.4,An insane general triggers a path to nuclear holocaust that a War Room full of politicians and generals frantically tries to stop.,Dr. Strangelove or: How I Learned to Stop Worrying and Love the Bomb
59,"['Robert Downey Jr.', 'Chris Hemsworth', 'Mark Ruffalo']","Directors:
Anthony Russo, Joe Russo",https://www.imdb.com//title/tt4154756/,2018,60,8.4,The Avengers and their allies must be willing to sacrifice all in an attempt to defeat the powerful Thanos before his blitz of devastation and ruin puts an end to the universe.,Avengers: Infinity War
60,"['Kirk Douglas', 'Ralph Meeker', 'Adolphe Menjou']",Stanley Kubrick,https://www.imdb.com//title/tt0050825/,1957,61,8.4,"After refusing to attack an enemy position, a general accuses the soldiers of cowardice and their commanding officer must defend them.",Paths of Glory
61,"['Jamie Foxx', 'Christoph Waltz', 'Leonardo DiCaprio']",Quentin Tarantino,https://www.imdb.com//title/tt1853728/,2012,62,8.4,"With the help of a German bounty hunter, a freed slave sets out to rescue his wife from a brutal Mississippi plantation owner.",Django Unchained
62,"['Jack Nicholson', 'Shelley Duvall', 'Danny Lloyd']",Stanley Kubrick,https://www.imdb.com//title/tt0081505/,1980,63,8.4,"A family heads to an isolated hotel for the winter where a sinister presence influences the father into violence, while his psychic son sees horrific forebodings from both past and future.",The Shining
63,"['Ben Burtt', 'Elissa Knight', 'Jeff Garlin']",Andrew Stanton,https://www.imdb.com//title/tt0910970/,2008,64,8.4,"In the distant future, a small waste-collecting robot inadvertently embarks on a space journey that will ultimately decide the fate of mankind.",WALL·E
64,"['Yôji Matsuda', 'Yuriko Ishida', 'Yûko Tanaka']",Hayao Miyazaki,https://www.imdb.com//title/tt0119698/,1997,65,8.4,"On a journey to find the cure for a Tatarigami's curse, Ashitaka finds himself in the middle of a war between the forest gods and Tatara, a mining colony. In this quest he also meets San, the Mononoke Hime.",Mononoke-hime
65,"['Tyrone Power', 'Marlene Dietrich', 'Charles Laughton']",Billy Wilder,https://www.imdb.com//title/tt0051201/,1957,66,8.4,A veteran British barrister must defend his client in a murder trial that has surprise after surprise.,Witness for the Prosecution
66,"['Min-sik Choi', 'Ji-tae Yu', 'Hye-jeong Kang']",Chan-wook Park,https://www.imdb.com//title/tt0364569/,2003,67,8.3,"After being kidnapped and imprisoned for fifteen years, Oh Dae-Su is released, only to find that he must find his captor in five days.",Oldeuboi
67,"['Sigourney Weaver', 'Michael Biehn', 'Carrie Henn']",James Cameron,https://www.imdb.com//title/tt0090605/,1986,68,8.3,"Ellen Ripley is rescued by a deep salvage team after being in hypersleep for 57 years. The moon that the Nostromo visited has been colonized, but contact is lost. This time, colonial marines have impressive firepower, but will that be enough?",Aliens
68,"['Christian Bale', 'Tom Hardy', 'Anne Hathaway']",Christopher Nolan,https://www.imdb.com//title/tt1345836/,2012,69,8.3,"Eight years after the Joker's reign of anarchy, Batman, with the help of the enigmatic Catwoman, is forced from his exile to save Gotham City, now on the edge of total annihilation, from the brutal guerrilla terrorist Bane.",The Dark Knight Rises
69,"['Kevin Spacey', 'Annette Bening', 'Thora Birch']",Sam Mendes,https://www.imdb.com//title/tt0169547/,1999,70,8.3,A sexually frustrated suburban father has a mid-life crisis after becoming infatuated with his daughter's best friend.,American Beauty
70,"['Robert De Niro', 'James Woods', 'Elizabeth McGovern']",Sergio Leone,https://www.imdb.com//title/tt0087843/,1984,71,8.3,"A former Prohibition-era Jewish gangster returns to the Lower East Side of Manhattan over thirty years later, where he once again must confront the ghosts and regrets of his old life.",Once Upon a Time in America
71,"['Anthony Gonzalez', 'Gael García Bernal', 'Benjamin Bratt']","Directors:
Lee Unkrich, Adrian Molina (co-director)",https://www.imdb.com//title/tt2380307/,2017,72,8.3,"Aspiring musician Miguel, confronted with his family's ancestral ban on music, enters the Land of the Dead to find his great-great-grandfather, a legendary singer.",Coco
72,"['Jürgen Prochnow', 'Herbert Grönemeyer', 'Klaus Wennemann']",Wolfgang Petersen,https://www.imdb.com//title/tt0082096/,1981,73,8.3,"The claustrophobic world of a WWII German U-boat; boredom, filth and sheer terror.",Das Boot
73,"['Orson Welles', 'Joseph Cotten', 'Dorothy Comingore']",Orson Welles,https://www.imdb.com//title/tt0033467/,1941,74,8.3,"Following the death of a publishing tycoon, news reporters scramble to discover the meaning of his final utterance.",Citizen Kane
74,"['Mel Gibson', 'Sophie Marceau', 'Patrick McGoohan']",Mel Gibson,https://www.imdb.com//title/tt0112573/,1995,75,8.3,"When his secret bride is executed for assaulting an English soldier who tried to rape her, William Wallace begins a revolt against King Edward I of England.",Braveheart
75,"['James Stewart', 'Kim Novak', 'Barbara Bel Geddes']",Alfred Hitchcock,https://www.imdb.com//title/tt0052357/,1958,76,8.3,A former police detective juggles wrestling with his personal demons and becoming obsessed with a hauntingly beautiful woman.,Vertigo
76,"['Cary Grant', 'Eva Marie Saint', 'James Mason']",Alfred Hitchcock,https://www.imdb.com//title/tt0053125/,1959,77,8.3,A New York City advertising executive goes on the run after being mistaken for a government agent by a group of foreign spies.,North by Northwest
77,"['Harvey Keitel', 'Tim Roth', 'Michael Madsen']",Quentin Tarantino,https://www.imdb.com//title/tt0105236/,1992,78,8.3,"When a simple jewelry heist goes horribly wrong, the surviving criminals begin to suspect that one of them is a police informant.",Reservoir Dogs
78,"['Ryûnosuke Kamiki', 'Mone Kamishiraishi', 'Ryô Narita']",Makoto Shinkai,https://www.imdb.com//title/tt5311514/,2016,79,8.3,"Two strangers find themselves linked in a bizarre way. When a connection forms, will distance be the only thing to keep them apart?",Kimi no na wa.
79,"['Mark Hamill', 'Harrison Ford', 'Carrie Fisher']",Richard Marquand,https://www.imdb.com//title/tt0086190/,1983,80,8.3,"After a daring mission to rescue Han Solo from Jabba the Hutt, the Rebels dispatch to Endor to destroy the second Death Star. Meanwhile, Luke struggles to help Darth Vader back from the dark side without falling into the Emperor's trap.",Star Wars: Episode VI - Return of the Jedi
80,"['Peter Lorre', 'Ellen Widmann', 'Inge Landgut']",Fritz Lang,https://www.imdb.com//title/tt0022100/,1931,81,8.3,"When the police in a German city are unable to catch a child-murderer, other criminals join in the manhunt.",M - Eine Stadt sucht einen Mörder
81,"['F. Murray Abraham', 'Tom Hulce', 'Elizabeth Berridge']",Milos Forman,https://www.imdb.com//title/tt0086879/,1984,82,8.3,"The life, success and troubles of Wolfgang Amadeus Mozart, as told by Antonio Salieri, the contemporaneous composer who was insanely jealous of Mozart's talent and claimed to have murdered him.",Amadeus
82,"['Ellen Burstyn', 'Jared Leto', 'Jennifer Connelly']",Darren Aronofsky,https://www.imdb.com//title/tt0180093/,2000,83,8.3,The drug-induced utopias of four Coney Island people are shattered when their addictions run deep.,Requiem for a Dream
83,"['Aamir Khan', 'Sakshi Tanwar', 'Fatima Sana Shaikh']",Nitesh Tiwari,https://www.imdb.com//title/tt5074352/,2016,84,8.3,Former wrestler Mahavir Singh Phogat and his two wrestler daughters struggle towards glory at the Commonwealth Games in the face of societal oppression.,Dangal
84,"['Aamir Khan', 'Madhavan', 'Mona Singh']",Rajkumar Hirani,https://www.imdb.com//title/tt1187043/,2009,85,8.3,"Two friends are searching for their long lost companion. They revisit their college days and recall the memories of their friend who inspired them to think differently, even as the rest of the world called them ""idiots"".",3 Idiots
85,"['Keir Dullea', 'Gary Lockwood', 'William Sylvester']",Stanley Kubrick,https://www.imdb.com//title/tt0062622/,1968,86,8.3,"After discovering a mysterious artifact buried beneath the lunar surface, mankind sets off on a quest to find its origins with help from intelligent supercomputer HAL 9000.",2001: A Space Odyssey
86,"['Tom Hanks', 'Tim Allen', 'Don Rickles']",John Lasseter,https://www.imdb.com//title/tt0114709/,1995,87,8.3,A cowboy doll is profoundly threatened and jealous when a new spaceman figure supplants him as top toy in a boy's room.,Toy Story
87,"['Darsheel Safary', 'Aamir Khan', 'Tisca Chopra']","Directors:
Aamir Khan, Amole Gupte (uncredited)",https://www.imdb.com//title/tt0986264/,2007,88,8.3,"An eight-year-old boy is thought to be a lazy trouble-maker, until the new art teacher has the patience and compassion to discover the real problem behind his struggles in school.",Taare Zameen Par
88,"['Jim Carrey', 'Kate Winslet', 'Tom Wilkinson']",Michel Gondry,https://www.imdb.com//title/tt0338013/,2004,89,8.3,"When their relationship turns sour, a couple undergoes a medical procedure to have each other erased from their memories.",Eternal Sunshine of the Spotless Mind
89,"[""Peter O'Toole"", 'Alec Guinness', 'Anthony Quinn']",David Lean,https://www.imdb.com//title/tt0056172/,1962,90,8.3,"The story of T.E. Lawrence, the English officer who successfully united and led the diverse, often warring, Arab tribes during World War I in order to fight the Turks.",Lawrence of Arabia
90,"['Malcolm McDowell', 'Patrick Magee', 'Michael Bates']",Stanley Kubrick,https://www.imdb.com//title/tt0066921/,1971,91,8.3,"In the future, a sadistic gang leader is imprisoned and volunteers for a conduct-aversion experiment, but it doesn't go as planned.",A Clockwork Orange
91,"['Gene Kelly', ""Donald O'Connor"", 'Debbie Reynolds']","Directors:
Stanley Donen, Gene Kelly",https://www.imdb.com//title/tt0045152/,1952,92,8.3,A silent film production company and cast make a difficult transition to sound.,Singin' in the Rain
92,"['Audrey Tautou', 'Mathieu Kassovitz', 'Rufus']",Jean-Pierre Jeunet,https://www.imdb.com//title/tt0211915/,2001,93,8.3,"Amélie is an innocent and naive girl in Paris with her own sense of justice. She decides to help those around her and, along the way, discovers love.",Amélie
93,"['Fred MacMurray', 'Barbara Stanwyck', 'Edward G. Robinson']",Billy Wilder,https://www.imdb.com//title/tt0036775/,1944,94,8.3,An insurance representative lets himself be talked into a murder/insurance fraud scheme that arouses the suspicion of an insurance investigator.,Double Indemnity
94,"['Brad Pitt', 'Diane Kruger', 'Eli Roth']","Directors:
Quentin Tarantino, Eli Roth (uncredited)",https://www.imdb.com//title/tt0361748/,2009,95,8.3,"In Nazi-occupied France during World War II, a plan to assassinate Nazi leaders by a group of Jewish U.S. soldiers coincides with a theatre owner's vengeful plans for the same.",Inglourious Basterds
95,"['Robert De Niro', 'Jodie Foster', 'Cybill Shepherd']",Martin Scorsese,https://www.imdb.com//title/tt0075314/,1976,96,8.3,"A mentally unstable veteran works as a nighttime taxi driver in New York City, where the perceived decadence and sleaze fuels his urge for violent action by attempting to liberate a presidential campaign worker and an underage prostitute.",Taxi Driver
96,"['Matthew Modine', 'R. Lee Ermey', ""Vincent D'Onofrio""]",Stanley Kubrick,https://www.imdb.com//title/tt0093058/,1987,97,8.3,A pragmatic U.S. Marine observes the dehumanizing effects the Vietnam War has on his fellow recruits from their brutal boot camp training to the bloody street fighting in Hue.,Full Metal Jacket
97,"['Gregory Peck', 'John Megna', 'Frank Overton']",Robert Mulligan,https://www.imdb.com//title/tt0056592/,1962,98,8.3,"Atticus Finch, a lawyer in the Depression-era South, defends a black man against an undeserved rape charge, and his children against prejudice.",To Kill a Mockingbird
98,"['Lamberto Maggiorani', 'Enzo Staiola', 'Lianella Carell']",Vittorio De Sica,https://www.imdb.com//title/tt0040522/,1948,99,8.3,"In post-war Italy, a working-class man's bicycle is stolen. He and his son set out to find it.",Ladri di biciclette
99,"['Charles Chaplin', 'Edna Purviance', 'Jackie Coogan']",Charles Chaplin (as Charlie Chaplin),https://www.imdb.com//title/tt0012349/,1921,100,8.3,"The Tramp cares for an abandoned child, but events put that relationship in jeopardy.",The Kid
100,"['Robin Williams', 'Matt Damon', 'Ben Affleck']",Gus Van Sant,https://www.imdb.com//title/tt0119217/,1997,101,8.3,"Will Hunting, a janitor at M.I.T., has a gift for mathematics, but needs help from a psychologist to find direction in his life.",Good Will Hunting
101,"['Paul Newman', 'Robert Redford', 'Robert Shaw']",George Roy Hill,https://www.imdb.com//title/tt0070735/,1973,102,8.3,Two grifters team up to pull off the ultimate con.,The Sting
102,"['Mads Mikkelsen', 'Thomas Bo Larsen', 'Annika Wedderkopp']",Thomas Vinterberg,https://www.imdb.com//title/tt2106476/,2012,103,8.3,"A teacher lives a lonely life, all the while struggling over his son's custody. His life slowly gets better as he finds love and receives good news from his son, but his new luck is about to be brutally shattered by an innocent little lie.",Jagten
103,"['Tom Hanks', 'Tim Allen', 'Joan Cusack']",Lee Unkrich,https://www.imdb.com//title/tt0435761/,2010,104,8.3,"The toys are mistakenly delivered to a day-care center instead of the attic right before Andy leaves for college, and it's up to Woody to convince the other toys that they weren't abandoned and to return home.",Toy Story 3
104,"['Jason Statham', 'Brad Pitt', 'Benicio Del Toro']",Guy Ritchie,https://www.imdb.com//title/tt0208092/,2000,105,8.3,"Unscrupulous boxing promoters, violent bookmakers, a Russian gangster, incompetent amateur robbers and supposedly Jewish jewelers fight to track down a priceless stolen diamond.",Snatch
105,"['Al Pacino', 'Michelle Pfeiffer', 'Steven Bauer']",Brian De Palma,https://www.imdb.com//title/tt0086250/,1983,106,8.2,"In Miami in 1980, a determined Cuban immigrant takes over a drug cartel and succumbs to greed.",Scarface
106,"['Clint Eastwood', 'Lee Van Cleef', 'Gian Maria Volontè']",Sergio Leone,https://www.imdb.com//title/tt0059578/,1965,107,8.2,Two bounty hunters with the same intentions team up to track down a Western outlaw.,Per qualche dollaro in più
107,"['Jack Lemmon', 'Shirley MacLaine', 'Fred MacMurray']",Billy Wilder,https://www.imdb.com//title/tt0053604/,1960,108,8.2,"A man tries to rise in his company by letting its executives use his apartment for trysts, but complications and a romance of his own ensue.",The Apartment
108,"['Brigitte Helm', 'Alfred Abel', 'Gustav Fröhlich']",Fritz Lang,https://www.imdb.com//title/tt0017136/,1927,109,8.2,"In a futuristic city sharply divided between the working class and the city planners, the son of the city's mastermind falls in love with a working class prophet who predicts the coming of a savior to mediate their differences.",Metropolis
109,"['Graham Chapman', 'John Cleese', 'Eric Idle']","Directors:
Terry Gilliam, Terry Jones",https://www.imdb.com//title/tt0071853/,1975,110,8.2,"King Arthur and his Knights of the Round Table embark on a surreal, low-budget search for the Holy Grail, encountering many, very silly obstacles.",Monty Python and the Holy Grail
110,"['Kevin Spacey', 'Russell Crowe', 'Guy Pearce']",Curtis Hanson,https://www.imdb.com//title/tt0119488/,1997,111,8.2,"As corruption grows in 1950s Los Angeles, three policemen -- one strait-laced, one brutal, and one sleazy -- investigate a series of murders with their own brand of justice.",L.A. Confidential
111,"['Payman Maadi', 'Leila Hatami', 'Sareh Bayat']",Asghar Farhadi,https://www.imdb.com//title/tt1832382/,2011,112,8.2,A married couple are faced with a difficult decision - to improve the life of their child by moving to another country or to stay in Iran and look after a deteriorating parent who has Alzheimer's disease.,Jodaeiye Nader az Simin
112,"['Harrison Ford', 'Sean Connery', 'Alison Doody']",Steven Spielberg,https://www.imdb.com//title/tt0097576/,1989,113,8.2,"In 1938, after his father Professor Henry Jones, Sr. goes missing while pursuing the Holy Grail, Professor Henry ""Indiana"" Jones, Jr. finds himself up against Adolf Hitler's Nazis again to stop them from obtaining its powers.",Indiana Jones and the Last Crusade
113,"['Edward Asner', 'Jordan Nagai', 'John Ratzenberger']","Directors:
Pete Docter, Bob Peterson (co-director)",https://www.imdb.com//title/tt1049413/,2009,114,8.2,"Seventy-eight year old Carl Fredricksen travels to Paradise Falls in his home equipped with balloons, inadvertently taking a young stowaway.",Up
114,"['Toshirô Mifune', 'Machiko Kyô', 'Masayuki Mori']",Akira Kurosawa,https://www.imdb.com//title/tt0042876/,1950,115,8.2,"The rape of a bride and the murder of her samurai husband are recalled from the perspectives of a bandit, the bride, the samurai's ghost and a woodcutter.",Rashômon
115,"['Bette Davis', 'Anne Baxter', 'George Sanders']",Joseph L. Mankiewicz,https://www.imdb.com//title/tt0042192/,1950,116,8.2,An ingenue insinuates herself into the lives of an established but aging stage actress and her circle of theater friends.,All About Eve
116,"['Christian Bale', 'Michael Caine', 'Ken Watanabe']",Christopher Nolan,https://www.imdb.com//title/tt0372784/,2005,117,8.2,"After training with his mentor, Batman begins his fight to free crime-ridden Gotham City from corruption.",Batman Begins
117,"['Marilyn Monroe', 'Tony Curtis', 'Jack Lemmon']",Billy Wilder,https://www.imdb.com//title/tt0053291/,1959,118,8.2,"When two male musicians witness a mob hit, they flee the state in an all-female band disguised as women, but further complications set in.",Some Like It Hot
118,"['Toshirô Mifune', 'Eijirô Tôno', 'Tatsuya Nakadai']",Akira Kurosawa,https://www.imdb.com//title/tt0055630/,1961,119,8.2,A crafty ronin comes to a town divided by two criminal gangs and decides to play them against each other to free the town.,Yôjinbô
119,"['Bruno Ganz', 'Alexandra Maria Lara', 'Ulrich Matthes']",Oliver Hirschbiegel,https://www.imdb.com//title/tt0363163/,2004,120,8.2,"Traudl Junge, the final secretary for Adolf Hitler, tells of the Nazi dictator's final days in his Berlin bunker at the end of WWII.",Der Untergang
120,"['Clint Eastwood', 'Gene Hackman', 'Morgan Freeman']",Clint Eastwood,https://www.imdb.com//title/tt0105695/,1992,121,8.2,"Retired Old West gunslinger William Munny reluctantly takes on one last job, with the help of his old partner and a young man.",Unforgiven
121,"['Bruce Willis', 'Alan Rickman', 'Bonnie Bedelia']",John McTiernan,https://www.imdb.com//title/tt0095016/,1988,122,8.2,An NYPD officer tries to save his wife and several others taken hostage by German terrorists during a Christmas party at the Nakatomi Plaza in Los Angeles.,Die Hard
122,"['Al Pacino', 'Robert De Niro', 'Val Kilmer']",Michael Mann,https://www.imdb.com//title/tt0113277/,1995,123,8.2,A group of professional bank robbers start to feel the heat from police when they unknowingly leave a clue at their latest heist.,Heat
123,"['Humphrey Bogart', 'Walter Huston', 'Tim Holt']",John Huston,https://www.imdb.com//title/tt0040897/,1948,124,8.2,"Fred Dobbs and Bob Curtin, two Americans searching for work in Mexico, convince an old prospector to help them mine for gold in the Sierra Madre Mountains.",The Treasure of the Sierra Madre
124,"['Lubna Azabal', 'Mélissa Désormeaux-Poulin', 'Maxim Gaudette']",Denis Villeneuve,https://www.imdb.com//title/tt1255953/,2010,125,8.2,Twins journey to the Middle East to discover their family history and fulfill their mother's last wishes.,Incendies
125,"['Viggo Mortensen', 'Mahershala Ali', 'Linda Cardellini']",Peter Farrelly,https://www.imdb.com//title/tt6966692/,2018,126,8.2,A working-class Italian-American bouncer becomes the driver of an African-American classical pianist on a tour of venues through the 1960s American South.,Green Book
126,"['Takashi Shimura', 'Nobuo Kaneko', ""Shin'ichi Himori""]",Akira Kurosawa,https://www.imdb.com//title/tt0044741/,1952,127,8.2,A bureaucrat tries to find a meaning in his life after he discovers he has terminal cancer.,Ikiru
127,"['Robert De Niro', 'Cathy Moriarty', 'Joe Pesci']",Martin Scorsese,https://www.imdb.com//title/tt0081398/,1980,128,8.2,"The life of boxer Jake LaMotta, as the violence and temper that leads him to the top in the ring destroys his life outside of it.",Raging Bull
128,"['Steve McQueen', 'James Garner', 'Richard Attenborough']",John Sturges,https://www.imdb.com//title/tt0057115/,1963,129,8.2,Allied prisoners of war plan for several hundred of their number to escape from a German camp during World War II.,The Great Escape
129,"['Mohammad Amir Naji', 'Amir Farrokh Hashemian', 'Bahare Seddiqi']",Majid Majidi,https://www.imdb.com//title/tt0118849/,1997,130,8.2,"After a boy loses his sister's pair of shoes, he goes on a series of adventures in order to find them. When he can't, he tries a new way to ""win"" a new pair.",Bacheha-Ye aseman
130,"['Ivana Baquero', 'Ariadna Gil', 'Sergi López']",Guillermo del Toro,https://www.imdb.com//title/tt0457430/,2006,131,8.2,"In the Falangist Spain of 1944, the bookish young stepdaughter of a sadistic army officer escapes into an eerie but captivating fantasy world.",Pan's Labyrinth
131,"['Jack Nicholson', 'Faye Dunaway', 'John Huston']",Roman Polanski,https://www.imdb.com//title/tt0071315/,1974,132,8.2,"A private detective hired to expose an adulterer finds himself caught up in a web of deceit, corruption, and murder.",Chinatown
132,"['Hitoshi Takagi', 'Noriko Hidaka', 'Chika Sakamoto']",Hayao Miyazaki,https://www.imdb.com//title/tt0096283/,1988,133,8.2,"When two girls move to the country to be near their ailing mother, they have adventures with the wondrous forest spirits who live nearby.",Tonari no Totoro
133,"['Çetin Tekindor', 'Fikret Kuskan', 'Hümeyra']",Çagan Irmak,https://www.imdb.com//title/tt0476735/,2005,134,8.2,The family of a left-wing journalist is torn apart after a military coup in 1980's Turkey.,Babam ve Oglum
134,"['Orson Welles', 'Joseph Cotten', 'Alida Valli']",Carol Reed,https://www.imdb.com//title/tt0041959/,1949,135,8.2,"Pulp novelist Holly Martins travels to shadowy, postwar Vienna, only to find himself investigating the mysterious death of an old friend, Harry Lime.",The Third Man
135,"['Chieko Baishô', 'Takuya Kimura', 'Tatsuya Gashûin']",Hayao Miyazaki,https://www.imdb.com//title/tt0347149/,2004,136,8.2,"When an unconfident young woman is cursed with an old body by a spiteful witch, her only chance of breaking the spell lies with a self-indulgent yet insecure young wizard and his companions in his legged, walking castle.",Hauru no ugoku shiro
136,"['Tatsuya Nakadai', 'Akira Terao', 'Jinpachi Nezu']",Akira Kurosawa,https://www.imdb.com//title/tt0089881/,1985,137,8.2,"In Medieval Japan, an elderly warlord retires, handing over his empire to his three sons. However, he vastly underestimates how the new-found power will corrupt them and cause them to turn on each other...and him.",Ran
137,"['Spencer Tracy', 'Burt Lancaster', 'Richard Widmark']",Stanley Kramer,https://www.imdb.com//title/tt0055031/,1961,138,8.2,"In 1948, an American court in occupied Germany tries four Nazi judges for war crimes.",Oordeel te Neurenberg
138,"['Ricardo Darín', 'Soledad Villamil', 'Pablo Rago']",Juan José Campanella,https://www.imdb.com//title/tt1305806/,2009,139,8.2,A retired legal counselor writes a novel hoping to find closure for one of his past unresolved homicide cases and for his unreciprocated love with his superior - both of which still haunt him decades later.,El secreto de sus ojos
139,"['Charles Chaplin', 'Mack Swain', 'Tom Murray']",Charles Chaplin,https://www.imdb.com//title/tt0015864/,1925,140,8.2,A prospector goes to the Klondike in search of gold and finds it and more.,The Gold Rush
140,"['William Holden', 'Alec Guinness', 'Jack Hawkins']",David Lean,https://www.imdb.com//title/tt0050212/,1957,141,8.2,"After settling his differences with a Japanese P.O.W. camp commander, a British Colonel co-operates to oversee his men's construction of a railway bridge for their captors, while oblivious to a plan by the Allies to destroy it.",The Bridge on the River Kwai
141,"['Russell Crowe', 'Ed Harris', 'Jennifer Connelly']",Ron Howard,https://www.imdb.com//title/tt0268978/,2001,142,8.2,"After John Nash, a brilliant but asocial mathematician, accepts secret work in cryptography, his life takes a turn for the nightmarish.",A Beautiful Mind
142,"['Jason Flemyng', 'Dexter Fletcher', 'Nick Moran']",Guy Ritchie,https://www.imdb.com//title/tt0120735/,1998,143,8.2,"A botched card game in London triggers four friends, thugs, weed-growers, hard gangsters, loan sharks and debt collectors to collide with each other in a series of unexpected events, all for the sake of weed, cash and two antique shotguns.","Lock, Stock and Two Smoking Barrels"
143,"['Robert De Niro', 'Sharon Stone', 'Joe Pesci']",Martin Scorsese,https://www.imdb.com//title/tt0112641/,1995,144,8.2,"A tale of greed, deception, money, power, and murder occur between two best friends: a mafia enforcer and a casino executive, compete against each other over a gambling empire, and over a fast living and fast loving socialite.",Casino
144,"['Max von Sydow', 'Gunnar Björnstrand', 'Bengt Ekerot']",Ingmar Bergman,https://www.imdb.com//title/tt0050976/,1957,145,8.1,"A man seeks answers about life, death, and the existence of God as he plays chess against the Grim Reaper during the Black Plague.",Det sjunde inseglet
145,"['Marlon Brando', 'Karl Malden', 'Lee J. Cobb']",Elia Kazan,https://www.imdb.com//title/tt0047296/,1954,146,8.1,An ex-prize fighter turned longshoreman struggles to stand up to his corrupt union bosses.,On the Waterfront
146,"['Frances McDormand', 'Woody Harrelson', 'Sam Rockwell']",Martin McDonagh,https://www.imdb.com//title/tt5027774/,2017,147,8.1,A mother personally challenges the local authorities to solve her daughter's murder when they fail to catch the culprit.,"Three Billboards Outside Ebbing, Missouri"
147,"['Leonardo DiCaprio', 'Jonah Hill', 'Margot Robbie']",Martin Scorsese,https://www.imdb.com//title/tt0993846/,2013,148,8.1,"Based on the true story of Jordan Belfort, from his rise to a wealthy stock-broker living the high life to his fall involving crime, corruption and the federal government.",The Wolf of Wall Street
148,"['Anthony Hopkins', 'John Hurt', 'Anne Bancroft']",David Lynch,https://www.imdb.com//title/tt0080678/,1980,149,8.1,"A Victorian surgeon rescues a heavily disfigured man who is mistreated while scraping a living as a side-show freak. Behind his monstrous façade, there is revealed a person of intelligence and sensitivity.",The Elephant Man
149,"['Amy Poehler', 'Bill Hader', 'Lewis Black']","Directors:
Pete Docter, Ronnie Del Carmen (co-director)",https://www.imdb.com//title/tt2096673/,2015,150,8.1,"After young Riley is uprooted from her Midwest life and moved to San Francisco, her emotions - Joy, Fear, Anger, Disgust and Sadness - conflict on how best to navigate a new city, house, and school.",Inside Out
150,"['Hugo Weaving', 'Natalie Portman', 'Rupert Graves']",James McTeigue,https://www.imdb.com//title/tt0434409/,2005,151,8.1,"In a future British tyranny, a shadowy freedom fighter, known only by the alias of ""V"", plots to overthrow it with the help of a young woman.",V for Vendetta
151,"['James Stewart', 'Jean Arthur', 'Claude Rains']",Frank Capra,https://www.imdb.com//title/tt0031679/,1939,152,8.1,"A naive man is appointed to fill a vacancy in the United States Senate. His plans promptly collide with political corruption, but he doesn't back down.",Mr. Smith Goes to Washington
152,"['Brie Larson', 'Jacob Tremblay', 'Sean Bridgers']",Lenny Abrahamson,https://www.imdb.com//title/tt3170832/,2015,153,8.1,"Held captive for 7 years in an enclosed space, a woman and her young son finally gain their freedom, allowing the boy to experience the outside world for the first time.",Room
153,"['Tom Hardy', 'Nick Nolte', 'Joel Edgerton']",Gavin O'Connor,https://www.imdb.com//title/tt1291584/,2011,154,8.1,"The youngest son of an alcoholic former boxer returns home, where he's trained by his father for competition in a mixed martial arts tournament - a path that puts the fighter on a collision course with his estranged, older brother.",Warrior
154,"['Harrison Ford', 'Rutger Hauer', 'Sean Young']",Ridley Scott,https://www.imdb.com//title/tt0083658/,1982,155,8.1,"A blade runner must pursue and terminate four replicants who stole a ship in space, and have returned to Earth to find their creator.",Blade Runner
155,"['Ray Milland', 'Grace Kelly', 'Robert Cummings']",Alfred Hitchcock,https://www.imdb.com//title/tt0046912/,1954,156,8.1,A tennis player frames his unfaithful wife for first-degree murder after she inadvertently hinders his plan to kill her.,Dial M for Murder
156,"['Tommy Lee Jones', 'Javier Bardem', 'Josh Brolin']","Directors:
Ethan Coen, Joel Coen",https://www.imdb.com//title/tt0477348/,2007,157,8.1,Violence and mayhem ensue after a hunter stumbles upon a drug deal gone wrong and more than two million dollars in cash near the Rio Grande.,No Country for Old Men
157,"['Daniel Day-Lewis', 'Paul Dano', 'Ciarán Hinds']",Paul Thomas Anderson,https://www.imdb.com//title/tt0469494/,2007,158,8.1,"A story of family, religion, hatred, oil and madness, focusing on a turn-of-the-century prospector in the early days of the business.",There Will Be Blood
158,"['Ayushmann Khurrana', 'Tabu', 'Radhika Apte']",Sriram Raghavan,https://www.imdb.com//title/tt8108198/,2018,159,8.1,A series of mysterious events change the life of a blind pianist who now must report a crime that was actually never witnessed by him.,Andhadhun
159,"['Victor Sjöström', 'Bibi Andersson', 'Ingrid Thulin']",Ingmar Bergman,https://www.imdb.com//title/tt0050986/,1957,160,8.1,"After living a life marked by coldness, an aging professor is forced to confront the emptiness of his existence.",Smultronstället
160,"['Buster Keaton', 'Marion Mack', 'Glen Cavender']","Directors:
Clyde Bruckman, Buster Keaton",https://www.imdb.com//title/tt0017925/,1926,161,8.1,"When Union spies steal an engineer's beloved locomotive, he pursues it single-handedly and straight through enemy lines.",The General
161,"['Bruce Willis', 'Haley Joel Osment', 'Toni Collette']",M. Night Shyamalan,https://www.imdb.com//title/tt0167404/,1999,162,8.1,A boy who communicates with spirits seeks the help of a disheartened child psychologist.,The Sixth Sense
162,"['Ewan McGregor', 'Ewen Bremner', 'Jonny Lee Miller']",Danny Boyle,https://www.imdb.com//title/tt0117951/,1996,163,8.1,"Renton, deeply immersed in the Edinburgh drug scene, tries to clean up and get out, despite the allure of the drugs and influence of friends.",Trainspotting
163,"['Clark Gable', 'Vivien Leigh', 'Thomas Mitchell']","Directors:
Victor Fleming, George Cukor (uncredited)            |
1 more credit »",https://www.imdb.com//title/tt0031381/,1939,164,8.1,A manipulative woman and a roguish man conduct a turbulent romance during the American Civil War and Reconstruction periods.,Gone with the Wind
164,"['Kurt Russell', 'Wilford Brimley', 'Keith David']",John Carpenter,https://www.imdb.com//title/tt0084787/,1982,165,8.1,A research team in Antarctica is hunted by a shape-shifting alien that assumes the appearance of its victims.,The Thing
165,"['William H. Macy', 'Frances McDormand', 'Steve Buscemi']","Directors:
Joel Coen, Ethan Coen (uncredited)",https://www.imdb.com//title/tt0116282/,1996,166,8.1,Jerry Lundegaard's inept crime falls apart due to his and his henchmen's bungling and the persistent police work of the quite pregnant Marge Gunderson.,Fargo
166,"['Aleksey Kravchenko', 'Olga Mironova', 'Liubomiras Laucevicius']",Elem Klimov (as E. Klimov),https://www.imdb.com//title/tt0091251/,1985,167,8.1,"After finding an old rifle, a young boy joins the Soviet resistance movement against ruthless German forces and experiences the horrors of World War II.",Idi i smotri
167,"['Clint Eastwood', 'Bee Vang', 'Christopher Carley']",Clint Eastwood,https://www.imdb.com//title/tt1205489/,2008,168,8.1,"Disgruntled Korean War veteran Walt Kowalski sets out to reform his neighbor, a Hmong teenager who tried to steal Kowalski's prized possession: a 1972 Gran Torino.",Gran Torino
168,"['Albert Brooks', 'Ellen DeGeneres', 'Alexander Gould']","Directors:
Andrew Stanton, Lee Unkrich (co-director)",https://www.imdb.com//title/tt0266543/,2003,169,8.1,"After his son is captured in the Great Barrier Reef and taken to Sydney, a timid clownfish sets out on a journey to bring him home.",Finding Nemo
169,"['Robert De Niro', 'Christopher Walken', 'John Cazale']",Michael Cimino,https://www.imdb.com//title/tt0077416/,1978,170,8.1,An in-depth examination of the ways in which the U.S. Vietnam War impacts and disrupts the lives of people in a small industrial town in Pennsylvania.,The Deer Hunter
170,"['Leonardo DiCaprio', 'Emily Mortimer', 'Mark Ruffalo']",Martin Scorsese,https://www.imdb.com//title/tt1130884/,2010,171,8.1,"In 1954, a U.S. Marshal investigates the disappearance of a murderer, who escaped from a hospital for the criminally insane.",Shutter Island
171,"['Jeff Bridges', 'John Goodman', 'Julianne Moore']","Directors:
Joel Coen, Ethan Coen (uncredited)",https://www.imdb.com//title/tt0118715/,1998,172,8.1,"Jeff ""The Dude"" Lebowski, mistaken for a millionaire of the same name, seeks restitution for his ruined rug and enlists his bowling buddies to help get it.",The Big Lebowski
172,"['Uma Thurman', 'David Carradine', 'Daryl Hannah']",Quentin Tarantino,https://www.imdb.com//title/tt0266697/,2003,173,8.1,"After awakening from a four-year coma, a former assassin wreaks vengeance on the team of assassins who betrayed her.",Kill Bill: Vol. 1
173,"['Buster Keaton', 'Kathryn McGuire', 'Joe Keaton']",Buster Keaton,https://www.imdb.com//title/tt0015324/,1924,174,8.1,"A film projectionist longs to be a detective, and puts his meagre skills to work when he is framed by a rival for stealing his girlfriend's father's pocketwatch.",Sherlock Jr.
174,"['Paul Newman', 'George Kennedy', 'Strother Martin']",Stuart Rosenberg,https://www.imdb.com//title/tt0061512/,1967,175,8.1,"A laid back Southern man is sentenced to two years in a rural prison, but refuses to conform.",Cool Hand Luke
175,"['Chishû Ryû', 'Chieko Higashiyama', 'Sô Yamamura']",Yasujirô Ozu,https://www.imdb.com//title/tt0046438/,1953,176,8.1,An old couple visit their children and grandchildren in the city; but the children have little time for them.,Tôkyô monogatari
176,"['Toni Collette', 'Philip Seymour Hoffman', 'Eric Bana']",Adam Elliot,https://www.imdb.com//title/tt0978762/,2009,177,8.1,"A tale of friendship between two unlikely pen pals: Mary, a lonely, eight-year-old girl living in the suburbs of Melbourne, and Max, a forty-four-year old, severely obese man living in New York.",Mary and Max
177,"['Laurence Olivier', 'Joan Fontaine', 'George Sanders']",Alfred Hitchcock,https://www.imdb.com//title/tt0032976/,1940,178,8.1,A self-conscious woman juggles adjusting to her new role as an aristocrat's wife and avoiding being intimidated by his first wife's spectral presence.,Rebecca
178,"['Andrew Garfield', 'Sam Worthington', 'Luke Bracey']",Mel Gibson,https://www.imdb.com//title/tt2119532/,2016,179,8.1,"World War II American Army Medic Desmond T. Doss, who served during the Battle of Okinawa, refuses to kill people, and becomes the first man in American history to receive the Medal of Honor without firing a shot.",Hacksaw Ridge
179,"['Jay Baruchel', 'Gerard Butler', 'Christopher Mintz-Plasse']","Directors:
Dean DeBlois, Chris Sanders",https://www.imdb.com//title/tt0892769/,2010,180,8.1,"A hapless young Viking who aspires to hunt dragons becomes the unlikely friend of a young dragon himself, and learns there may be more to the creatures than he assumed.",How to Train Your Dragon
180,"['Sam Neill', 'Laura Dern', 'Jeff Goldblum']",Steven Spielberg,https://www.imdb.com//title/tt0107290/,1993,181,8.1,"During a preview tour, a theme park suffers a major power breakdown that allows its cloned dinosaur exhibits to run amok.",Jurassic Park
181,"['Ben Affleck', 'Rosamund Pike', 'Neil Patrick Harris']",David Fincher,https://www.imdb.com//title/tt2267998/,2014,182,8.1,"With his wife's disappearance having become the focus of an intense media circus, a man sees the spotlight turned on him when it's suspected that he may not be innocent.",Gone Girl
182,"['Darío Grandinetti', 'María Marull', 'Mónica Villa']",Damián Szifron,https://www.imdb.com//title/tt3011894/,2014,183,8.1,Six short stories that explore the extremities of human behavior involving people in distress.,Relatos salvajes
183,"[""George O'Brien"", 'Janet Gaynor', 'Margaret Livingston']",F.W. Murnau,https://www.imdb.com//title/tt0018455/,1927,184,8.1,An allegorical tale about a man fighting the good and evil within him. Both sides are made flesh - one a sophisticated woman he is attracted to and the other his wife.,Sunrise: A Song of Two Humans
184,"['Jim Carrey', 'Ed Harris', 'Laura Linney']",Peter Weir,https://www.imdb.com//title/tt0120382/,1998,185,8.1,An insurance salesman discovers his whole life is actually a reality TV show.,The Truman Show
185,"['Alisa Freyndlikh', 'Aleksandr Kaydanovskiy', 'Anatoliy Solonitsyn']",Andrei Tarkovsky,https://www.imdb.com//title/tt0079944/,1979,186,8.1,A guide leads two men through an area known as the Zone to find a room that grants wishes.,Stalker
186,"['Ralph Fiennes', 'F. Murray Abraham', 'Mathieu Amalric']",Wes Anderson,https://www.imdb.com//title/tt2278388/,2014,187,8.1,"The adventures of Gustave H, a legendary concierge at a famous hotel from the fictional Republic of Zubrowka between the first and second World Wars, and Zero Moustafa, the lobby boy who becomes his most trusted friend.",The Grand Budapest Hotel
187,"['Daniel Day-Lewis', 'Pete Postlethwaite', 'Alison Crosbie']",Jim Sheridan,https://www.imdb.com//title/tt0107207/,1993,188,8.1,A man's coerced confession to an IRA bombing he did not commit results in the imprisonment of his father as well. An English lawyer fights to free them.,In the Name of the Father
188,"['Wil Wheaton', 'River Phoenix', 'Corey Feldman']",Rob Reiner,https://www.imdb.com//title/tt0092005/,1986,189,8.1,"After the death of a friend, a writer recounts a boyhood journey to find the body of a missing boy.",Stand by Me
189,"['Emile Hirsch', 'Vince Vaughn', 'Catherine Keener']",Sean Penn,https://www.imdb.com//title/tt0758758/,2007,190,8.1,"After graduating from Emory University, top student and athlete Christopher McCandless abandons his possessions, gives his entire $24,000 savings account to charity and hitchhikes to Alaska to live in the wilderness. Along the way, Christopher encounters a series of characters that shape his life.",Into the Wild
190,"['Charlie Sheen', 'Tom Berenger', 'Willem Dafoe']",Oliver Stone,https://www.imdb.com//title/tt0091763/,1986,191,8.1,A young soldier in Vietnam faces a moral crisis when confronted with the horrors of war and the duality of man.,Platoon
191,"['Clark Gable', 'Claudette Colbert', 'Walter Connolly']",Frank Capra,https://www.imdb.com//title/tt0025316/,1934,192,8.1,A spoiled heiress running away from her family is helped by a man who is actually a reporter in need of a story.,Het gebeurde op 'n avond
192,"['Faye Dunaway', 'William Holden', 'Peter Finch']",Sidney Lumet,https://www.imdb.com//title/tt0074958/,1976,193,8.1,A television network cynically exploits a deranged former anchor's ravings and revelations about the news media for its own profit.,Network
193,"['Graham Chapman', 'John Cleese', 'Michael Palin']",Terry Jones,https://www.imdb.com//title/tt0079470/,1979,194,8.1,"Born on the original Christmas in the stable next door to Jesus, Brian of Nazareth spends his life being mistaken for a messiah.",Life of Brian
194,"['Kang-ho Song', 'Sang-kyung Kim', 'Roe-ha Kim']",Joon-ho Bong (as Joon Ho Bong),https://www.imdb.com//title/tt0353969/,2003,195,8.1,"In a small Korean province in 1986, three detectives struggle with the case of multiple young women being found raped and murdered by an unknown culprit.",Salinui chueok
195,"['Charlton Heston', 'Jack Hawkins', 'Stephen Boyd']",William Wyler,https://www.imdb.com//title/tt0052618/,1959,196,8.1,"When a Jewish prince is betrayed and sent into slavery by a Roman friend, he regains his freedom and comes back for revenge.",Ben Hur
196,"['Bibi Andersson', 'Liv Ullmann', 'Margaretha Krook']",Ingmar Bergman,https://www.imdb.com//title/tt0060827/,1966,197,8.1,A nurse is put in charge of a mute actress and finds that their personae are melding together.,Persona
197,"['Chiwetel Ejiofor', 'Michael Kenneth Williams', 'Michael Fassbender']",Steve McQueen,https://www.imdb.com//title/tt2024544/,2013,198,8.1,"In the antebellum United States, Solomon Northup, a free black man from upstate New York, is abducted and sold into slavery.",12 Years a Slave
198,"['Megumi Ogata', 'Megumi Hayashibara', 'Yûko Miyamura']","Directors:
Hideaki Anno, Kazuya Tsurumaki",https://www.imdb.com//title/tt0169858/,1997,199,8.1,Concurrent theatrical ending of the TV series Shin Seiki Evangerion (1995).,"Shin seiki Evangelion Gekijô-ban: Air/Magokoro wo, kimi ni"
199,"['Don Cheadle', 'Sophie Okonedo', 'Joaquin Phoenix']",Terry George,https://www.imdb.com//title/tt0395169/,2004,200,8.1,Paul Rusesabagina was a hotel manager who housed over a thousand Tutsi refugees during their struggle against the Hutu militia in Rwanda.,Hotel Rwanda
200,"['Hilary Swank', 'Clint Eastwood', 'Morgan Freeman']",Clint Eastwood,https://www.imdb.com//title/tt0405159/,2004,201,8.1,A determined woman works with a hardened boxing trainer to become a professional.,Million Dollar Baby
201,"['Ethan Hawke', 'Julie Delpy', 'Andrea Eckert']",Richard Linklater,https://www.imdb.com//title/tt0112471/,1995,202,8.1,"A young man and woman meet on a train in Europe, and wind up spending one evening together in Vienna. Unfortunately, both know that this will probably be their only night together.",Before Sunrise
202,"['Sener Sen', 'Ugur Yücel', 'Sermin Hürmeriç']",Yavuz Turgul,https://www.imdb.com//title/tt0116231/,1996,203,8.1,"Baran the Bandit, released from prison after 35 years searches for vengeance and his lover.",Eskiya
203,"['Hugh Jackman', 'Jake Gyllenhaal', 'Viola Davis']",Denis Villeneuve,https://www.imdb.com//title/tt1392214/,2013,204,8.1,"When Keller Dover's daughter and her friend go missing, he takes matters into his own hands as the police pursue multiple leads and the pressure mounts.",Prisoners
204,"['Yves Montand', 'Charles Vanel', 'Peter van Eyck']",Henri-Georges Clouzot,https://www.imdb.com//title/tt0046268/,1953,205,8.1,"In a decrepit South American village, four men are hired to transport an urgent nitroglycerine shipment without the equipment that would make it safe.",Le salaire de la peur
205,"['Tom Hardy', 'Charlize Theron', 'Nicholas Hoult']",George Miller,https://www.imdb.com//title/tt1392190/,2015,206,8.1,"In a post-apocalyptic wasteland, a woman rebels against a tyrannical ruler in search for her homeland with the aid of a group of female prisoners, a psychotic worshiper, and a drifter named Max.",Mad Max: Fury Road
206,"['Daniel Brühl', 'Chris Hemsworth', 'Olivia Wilde']",Ron Howard,https://www.imdb.com//title/tt1979320/,2013,207,8.1,The merciless 1970s rivalry between Formula One rivals James Hunt and Niki Lauda.,Rush
207,"['Richard Gere', 'Joan Allen', 'Cary-Hiroyuki Tagawa']",Lasse Hallström,https://www.imdb.com//title/tt1028532/,2009,208,8.1,A college professor bonds with an abandoned dog he takes into his home.,Hachi: A Dog's Tale
208,"['Anatoliy Solonitsyn', 'Ivan Lapikov', 'Nikolay Grinko']",Andrei Tarkovsky (as Andrey Tarkovskiy),https://www.imdb.com//title/tt0060107/,1966,209,8.1,"The life, times and afflictions of the fifteenth-century Russian iconographer.",Andrei Rublev
209,"['Jean-Pierre Léaud', 'Albert Rémy', 'Claire Maurier']",François Truffaut,https://www.imdb.com//title/tt0053198/,1959,210,8.1,"A young boy, left without attention, delves into a life of petty crime.",Les quatre cents coups
210,"['Hugh Jackman', 'Patrick Stewart', 'Dafne Keen']",James Mangold,https://www.imdb.com//title/tt3315342/,2017,211,8.1,"In a future where mutants are nearly extinct, an elderly and weary Logan leads a quiet life. But when Laura, a mutant child pursued by scientists, comes to him for help, he must get her to safety.",Logan
211,"['Maria Falconetti', 'Eugene Silvain', 'André Berley']",Carl Theodor Dreyer (as Carl Th. Dreyer),https://www.imdb.com//title/tt0019254/,1928,212,8.1,"In 1431, Jeanne d'Arc is placed on trial on charges of heresy. The ecclesiastical jurists attempt to force Jeanne to recant her claims of holy visions.",La passion de Jeanne d'Arc
212,"['Mark Ruffalo', 'Michael Keaton', 'Rachel McAdams']",Tom McCarthy,https://www.imdb.com//title/tt1895587/,2015,213,8.1,"The true story of how the Boston Globe uncovered the massive scandal of child molestation and cover-up within the local Catholic Archdiocese, shaking the entire Catholic Church to its core.",Spotlight
213,"['Leonardo DiCaprio', 'Tom Hanks', 'Christopher Walken']",Steven Spielberg,https://www.imdb.com//title/tt0264464/,2002,214,8.1,"A seasoned FBI agent pursues Frank Abagnale Jr. who, before his 19th birthday, successfully forged millions of dollars' worth of checks while posing as a Pan Am pilot, a doctor, and a legal prosecutor.",Catch Me If You Can
214,"['Emilio Echevarría', 'Gael García Bernal', 'Goya Toledo']",Alejandro G. Iñárritu (as Alejandro González Iñárritu),https://www.imdb.com//title/tt0245712/,2000,215,8.1,"A horrific car accident connects three stories, each involving characters dealing with loss, regret, and life's harsh realities, all in the name of love.",Amores perros
215,"['Daniel Radcliffe', 'Emma Watson', 'Rupert Grint']",David Yates,https://www.imdb.com//title/tt1201607/,2011,216,8.1,"Harry, Ron, and Hermione search for Voldemort's remaining Horcruxes in their effort to destroy the Dark Lord as the final battle rages on at Hogwarts.",Harry Potter and the Deathly Hallows: Part 2
216,"['Sumi Shimamoto', 'Mahito Tsujimura', 'Hisako Kyôda']",Hayao Miyazaki,https://www.imdb.com//title/tt0087544/,1984,217,8.0,Warrior and pacifist Princess Nausicaä desperately struggles to prevent two warring nations from destroying themselves and their dying planet.,Kaze no tani no Naushika
217,"['Cary Elwes', 'Mandy Patinkin', 'Robin Wright']",Rob Reiner,https://www.imdb.com//title/tt0093779/,1987,218,8.0,"While home sick in bed, a young boy's grandfather reads him the story of a farmboy-turned-pirate who encounters numerous obstacles, enemies and allies in his quest to be reunited with his true love.",The Princess Bride
218,"['Sylvester Stallone', 'Talia Shire', 'Burt Young']",John G. Avildsen,https://www.imdb.com//title/tt0075148/,1976,219,8.0,A small-time boxer gets a supremely rare chance to fight a heavy-weight champion in a bout in which he strives to go the distance for his self-respect.,Rocky
219,"[""Ryan O'Neal"", 'Marisa Berenson', 'Patrick Magee']",Stanley Kubrick,https://www.imdb.com//title/tt0072684/,1975,220,8.0,An Irish rogue wins the heart of a rich widow and assumes her dead husband's aristocratic position in 18th-century England.,Barry Lyndon
220,"['Paul Newman', 'Robert Redford', 'Katharine Ross']",George Roy Hill,https://www.imdb.com//title/tt0064115/,1969,221,8.0,"Wyoming, early 1900s. Butch Cassidy and The Sundance Kid are the leaders of a band of outlaws. After a train robbery goes wrong they find themselves on the run with a posse hard on their heels. Their solution - escape to Bolivia.",Butch Cassidy and the Sundance Kid
221,"['Aamir Khan', 'Soha Ali Khan', 'Siddharth']",Rakeysh Omprakash Mehra (as Rakesh Omprakash Mehra),https://www.imdb.com//title/tt0405508/,2006,222,8.0,"The story of six young Indians who assist an English woman to film a documentary on the extremist freedom fighters from their past, and the events that lead them to relive the long-forgotten saga of freedom.",Rang De Basanti
222,"['Billy Crystal', 'John Goodman', 'Mary Gibbs']","Directors:
Pete Docter, David Silverman (co-director)            |
1 more credit »",https://www.imdb.com//title/tt0198781/,2001,223,8.0,"In order to power the city, monsters have to scare children so that they scream. However, the children are toxic to the monsters, and after a child gets through, 2 monsters realize things may not be what they think.","Monsters, Inc."
223,"['Henry Fonda', 'Jane Darwell', 'John Carradine']",John Ford,https://www.imdb.com//title/tt0032551/,1940,224,8.0,"A poor Midwest family is forced off their land. They travel to California, suffering the misfortunes of the homeless in the Great Depression.",The Grapes of Wrath
224,"['Robin Williams', 'Robert Sean Leonard', 'Ethan Hawke']",Peter Weir,https://www.imdb.com//title/tt0097165/,1989,225,8.0,English teacher John Keating inspires his students to look at poetry with a different perspective of authentic knowledge and feelings.,Dead Poets Society
225,"['Li Gong', 'Jingwu Ma', 'Saifei He']",Yimou Zhang,https://www.imdb.com//title/tt0101640/,1991,226,8.0,"A young woman becomes the fourth wife of a wealthy lord, and must learn to live with the strict rules and tensions within the household.",Da hong deng long gao gao gua
226,"['Humphrey Bogart', 'Mary Astor', 'Gladys George']",John Huston,https://www.imdb.com//title/tt0033870/,1941,227,8.0,"A private detective takes on a case that involves him with three eccentric criminals, a gorgeous liar, and their quest for a priceless statuette.",The Maltese Falcon
227,"['Arnold Schwarzenegger', 'Linda Hamilton', 'Michael Biehn']",James Cameron,https://www.imdb.com//title/tt0088247/,1984,228,8.0,"A seemingly indestructible android is sent from 2029 to 1984 to assassinate a waitress, whose unborn son will lead humanity in a war against the machines, while a soldier from that war is sent to protect her at all costs.",The Terminator
228,"['Ben Kingsley', 'John Gielgud', 'Rohini Hattangadi']",Richard Attenborough,https://www.imdb.com//title/tt0083987/,1982,229,8.0,"Gandhi's character is fully explained as a man of nonviolence. Through his patience, he is able to drive the British out of the subcontinent. And the stubborn nature of Jinnah and his commitment towards Pakistan is portrayed.",Gandhi
229,"['Min-hee Kim', 'Jung-woo Ha', 'Jin-Woong Cho']",Chan-wook Park,https://www.imdb.com//title/tt4016934/,2016,230,8.0,"A woman is hired as a handmaiden to a Japanese heiress, but secretly she is involved in a plot to defraud her.",Ah-ga-ssi
230,"['Vincent Cassel', 'Hubert Koundé', 'Saïd Taghmaoui']",Mathieu Kassovitz,https://www.imdb.com//title/tt0113247/,1995,231,8.0,24 hours in the lives of three young men in the French suburbs the day after a violent riot.,La haine
231,"['Jake Gyllenhaal', 'Jena Malone', 'Mary McDonnell']",Richard Kelly,https://www.imdb.com//title/tt0246578/,2001,232,8.0,"A troubled teenager is plagued by visions of a man in a large rabbit suit who manipulates him to commit a series of crimes, after he narrowly escapes a bizarre accident.",Donnie Darko
232,"['Tony Chiu-Wai Leung', 'Maggie Cheung', 'Ping Lam Siu']",Kar-Wai Wong (as Kar Wai Wong),https://www.imdb.com//title/tt0118694/,2000,233,8.0,"Two neighbors, a woman and a man, form a strong bond after both suspect extramarital activities of their spouses. However, they agree to keep their bond platonic so as not to commit similar wrongs.",Faa yeung nin wa
233,"['Simone Signoret', 'Véra Clouzot', 'Paul Meurisse']",Henri-Georges Clouzot (as H.G. Clouzot),https://www.imdb.com//title/tt0046911/,1955,234,8.0,The wife and mistress of a loathed school principal hatch a plan to murder him while having the perfect alibi. They carry out the plan...but then his body disappears.,Demonen
234,"['Bill Murray', 'Andie MacDowell', 'Chris Elliott']",Harold Ramis,https://www.imdb.com//title/tt0107048/,1993,235,8.0,A weatherman finds himself inexplicably living the same day over and over again.,Groundhog Day
235,"['Judy Garland', 'Frank Morgan', 'Ray Bolger']","Directors:
Victor Fleming, George Cukor (uncredited)            |
4 more credits »",https://www.imdb.com//title/tt0032138/,1939,236,8.0,Dorothy Gale is swept away from a farm in Kansas to a magical land of Oz in a tornado and embarks on a quest with her new friends to see the Wizard who can help her return home to Kansas and help her friends as well.,The Wizard of Oz
236,"['Emma Stone', 'Viola Davis', 'Octavia Spencer']",Tate Taylor,https://www.imdb.com//title/tt1454029/,2011,237,8.0,"An aspiring author during the civil rights movement of the 1960s decides to write a book detailing the African American maids' point of view on the white families for which they work, and the hardships they go through on a daily basis.",The Help
237,"['Roy Scheider', 'Robert Shaw', 'Richard Dreyfuss']",Steven Spielberg,https://www.imdb.com//title/tt0073195/,1975,238,8.0,"When a killer shark unleashes chaos on a beach community, it's up to a local sheriff, a marine biologist, and an old seafarer to hunt the beast down.",Jaws
238,"['Ethan Hawke', 'Julie Delpy', 'Vernon Dobtcheff']",Richard Linklater,https://www.imdb.com//title/tt0381681/,2004,239,8.0,"Nine years after Jesse and Celine first met, they encounter each other again on the French leg of Jesse's book tour.",Before Sunset
239,"['Chris Pratt', 'Vin Diesel', 'Bradley Cooper']",James Gunn,https://www.imdb.com//title/tt2015381/,2014,240,8.0,A group of intergalactic criminals must pull together to stop a fanatical warrior with plans to purge the universe.,Guardians of the Galaxy
240,"['Harry Dean Stanton', 'Nastassja Kinski', 'Dean Stockwell']",Wim Wenders,https://www.imdb.com//title/tt0087884/,1984,241,8.0,"Travis Henderson, an aimless drifter who has been missing for four years, wanders out of the desert and must reconnect with society, himself, his life, and his family.","Paris, Texas"
241,"['Anna Paquin', 'James Van Der Beek', 'Cloris Leachman']",Hayao Miyazaki,https://www.imdb.com//title/tt0092067/,1986,242,8.0,A young boy and a girl with a magic crystal must race against pirates and foreign agents in a search for a legendary floating castle.,Tenkû no shiro Rapyuta
242,"['Giulietta Masina', 'François Périer', 'Franca Marzi']",Federico Fellini,https://www.imdb.com//title/tt0050783/,1957,243,8.0,A waifish prostitute wanders the streets of Rome looking for true love but finds only heartbreak.,Le notti di Cabiria
243,"['Johnny Depp', 'Geoffrey Rush', 'Orlando Bloom']",Gore Verbinski,https://www.imdb.com//title/tt0325980/,2003,244,8.0,"Blacksmith Will Turner teams up with eccentric pirate ""Captain"" Jack Sparrow to save his love, the governor's daughter, from Jack's former pirate allies, who are now undead.",Pirates of the Caribbean: The Curse of the Black Pearl
244,"[""Paige O'Hara"", 'Robby Benson', 'Jesse Corti']","Directors:
Gary Trousdale, Kirk Wise",https://www.imdb.com//title/tt0101414/,1991,245,8.0,A prince cursed to spend his days as a hideous monster sets out to regain his humanity by earning a young woman's love.,Belle en het Beest
245,"['Myrna Loy', 'Dana Andrews', 'Fredric March']",William Wyler,https://www.imdb.com//title/tt0036868/,1946,246,8.0,Three World War II veterans return home to small-town America to discover that they and their families have been irreparably changed.,De beste jaren van ons leven
246,"['Ellen Burstyn', 'Max von Sydow', 'Linda Blair']",William Friedkin,https://www.imdb.com//title/tt0070047/,1973,247,8.0,"When a teenage girl is possessed by a mysterious entity, her mother seeks the help of two priests to save her daughter.",The Exorcist
247,"['Manoj Bajpayee', 'Richa Chadha', 'Nawazuddin Siddiqui']",Anurag Kashyap,https://www.imdb.com//title/tt1954470/,2012,248,8.0,"A clash between Sultan and Shahid Khan leads to the expulsion of Khan from Wasseypur, and ignites a deadly blood feud spanning three generations.",Gangs of Wasseypur
248,"['Irène Jacob', 'Jean-Louis Trintignant', 'Frédérique Feder']",Krzysztof Kieslowski,https://www.imdb.com//title/tt0111495/,1994,249,8.0,A model discovers her neighbor is keen on invading people's privacy.,Trois couleurs: Rouge
249,"['Al Pacino', 'John Cazale', 'Penelope Allen']",Sidney Lumet,https://www.imdb.com//title/tt0072890/,1975,250,8.0,A man robs a bank to pay for his lover's operation; it turns into a hostage situation and a media circus.,Dog Day Afternoon
